rho_tor_norm,torax_local_p_e_W_m3,torax_local_p_i_W_m3,ascot5_6400_p_e_W_m3,ascot5_6400_p_i_W_m3,ascot5_640_1e-7_p_e_W_m3,ascot5_640_1e-7_p_i_W_m3,ascot5_640_1e-8_p_e_W_m3,ascot5_640_1e-8_p_i_W_m3,ascot5_640_1e-7_job2_p_e_W_m3,ascot5_640_1e-7_job2_p_i_W_m3
0.02,220618,211131,165533,128671,170932,133380,236768,186210,186766,109698
0.06,217068,205536,186177,157333,225772,208375,265229,214623,219747,176912
0.1,210915,195669,189718,143893,193326,133056,211079,168075,169467,132384
0.14,202653,181577,230305,202663,218279,175923,185092,140879,202060,178961
0.18,191910,163567,189670,146483,181143,139890,178112,134313,199220,147776
0.22,178537,143074,183919,147178,175411,140922,184982,136520,188991,146488
0.26,166532,118905,182541,125854,186944,127346,202696,141334,154667,102554
0.3,152864,97118.3,156659,82755.7,151061,81402.3,146036,93898.8,151264,82019.4
0.34,138306,78510,146253,83523.5,146775,84926.6,141953,77780.5,146754,85143.4
0.38,123433,63033.7,107927,50126,104367,50577.8,126138,53950.2,99333.2,48941.1
0.42,108635,50186,126748,58883.5,124476,61542.3,90617.1,39462.9,129650,61149.2
0.46,93934.3,39263,103338,44639.5,96496.8,43440.2,90680.9,42670,117526,52870.6
0.5,79181,29732.1,78378,25744.8,74967.1,25430.2,81528.5,28000.1,94614.4,31142
0.54,64624.1,21519.5,65801.7,20247.9,72036.2,21608,73661.5,25031.3,70365,21146.3
0.58,51105.7,14936.1,59967.8,18292.2,60226.7,19717.7,54761.3,17327.8,53675.9,17638.1
0.62,39498.1,10104,42860.6,10989.2,49086.3,12861.6,49242.8,11959.8,44142.3,11275.5
0.66,30076.4,6756.51,32668.9,7352.02,40165,9262.08,38869.1,8267.47,37858.4,9996.61
0.7,22606.4,4482.47,25031.7,4977.21,26388.4,4955.15,27693.6,5586.21,29379.7,6087.48
0.74,16719.1,2939.09,20189,3723.26,18473.8,2808.73,16836.3,2972.89,21670.4,3682.33
0.78,12124.8,1895.31,13901.9,2199.44,11829.8,1882.81,11332.8,1727.35,12514.7,1425.84
0.82,8634.41,1204.96,7963.13,1023.67,8523.6,1285.17,7572.86,722.173,7084.44,680.986
0.86,6090.52,763.183,4382.81,502.379,7809.37,999.805,7270.24,883.851,3623.05,384.45
0.9,3401.87,384.945,2269.83,197.795,5160.47,350.03,5638.72,578.125,2045.33,154.387
0.94,956.932,76.1137,1161.29,78.7439,824.534,67.2141,1073.95,93.721,1086.32,74.9149
0.98,57.6263,2.1585,0,0,0,0,0,0,0,0
