quantity,rho_norm,toktoit,raptor_paper,torax_paper
T_e,0.01,10.0633,10.0358,10.1065
T_e,0.03,10.0468,10.0196,10.0899
T_e,0.05,10.0124,9.98585,10.0553
T_e,0.07,9.95895,9.93313,10.0015
T_e,0.09,9.88534,9.85988,9.9274
T_e,0.11,9.79095,9.76517,9.83247
T_e,0.13,9.67553,9.64887,9.71642
T_e,0.15,9.53915,9.5116,9.57934
T_e,0.17,9.38193,9.35444,9.42136
T_e,0.19,9.2042,9.17831,9.24279
T_e,0.21,9.0067,8.98383,9.04429
T_e,0.23,8.7905,8.77153,8.8271
T_e,0.25,8.55711,8.54211,8.59272
T_e,0.27,8.30826,8.29673,8.34264
T_e,0.29,8.04587,8.03697,8.07934
T_e,0.31,7.77204,7.76488,7.80461
T_e,0.33,7.48897,7.48287,7.52049
T_e,0.35,7.19891,7.1935,7.22925
T_e,0.37,6.90409,6.89931,6.93332
T_e,0.39,6.60657,6.60259,6.63417
T_e,0.41,6.30833,6.30541,6.33477
T_e,0.43,6.0111,6.00949,6.03603
T_e,0.45,5.7164,5.71626,5.73962
T_e,0.47,5.42546,5.42688,5.4476
T_e,0.49,5.13932,5.14232,5.15966
T_e,0.51,4.85883,4.86337,4.87809
T_e,0.53,4.58466,4.59061,4.60239
T_e,0.55,4.31732,4.32453,4.33398
T_e,0.57,4.05717,4.06545,4.0726
T_e,0.59,3.80442,3.81361,3.81888
T_e,0.61,3.55918,3.56913,3.57313
T_e,0.63,3.32154,3.33204,3.33441
T_e,0.65,3.09147,3.10234,3.10316
T_e,0.67,2.8689,2.87997,2.87986
T_e,0.69,2.65374,2.66487,2.66373
T_e,0.71,2.4459,2.45693,2.45512
T_e,0.73,2.2453,2.25609,2.25371
T_e,0.75,2.0518,2.06231,2.05944
T_e,0.77,1.86536,1.87555,1.87205
T_e,0.79,1.68588,1.69581,1.69188
T_e,0.81,1.51335,1.5231,1.51856
T_e,0.83,1.34787,1.3574,1.35252
T_e,0.85,1.18972,1.19862,1.19363
T_e,0.87,1.03913,1.04658,1.0424
T_e,0.89,0.895426,0.900988,0.898228
T_e,0.91,0.75663,0.761524,0.758873
T_e,0.93,0.623288,0.627153,0.62496
T_e,0.95,0.496929,0.499583,0.498135
T_e,0.97,0.375484,0.376435,0.376275
T_e,0.99,0.256934,0.258057,0.257272
T_i,0.01,8.69422,8.78562,8.70095
T_i,0.03,8.68104,8.77257,8.68781
T_i,0.05,8.65397,8.74572,8.66075
T_i,0.07,8.61232,8.70408,8.61909
T_i,0.09,8.55545,8.64665,8.56222
T_i,0.11,8.48301,8.57285,8.48978
T_i,0.13,8.39488,8.48266,8.40166
T_i,0.15,8.29114,8.3766,8.29795
T_i,0.17,8.17187,8.25545,8.17872
T_i,0.19,8.03722,8.11984,8.04412
T_i,0.21,7.88763,7.97009,7.89453
T_i,0.23,7.72371,7.80643,7.73065
T_i,0.25,7.54637,7.62914,7.55343
T_i,0.27,7.35664,7.43881,7.36368
T_i,0.29,7.15567,7.23634,7.16297
T_i,0.31,6.94473,7.023,6.95231
T_i,0.33,6.72517,6.80031,6.73298
T_i,0.35,6.4984,6.56994,6.50634
T_i,0.37,6.26585,6.3336,6.274
T_i,0.39,6.02887,6.09289,6.03681
T_i,0.41,5.78881,5.84925,5.79691
T_i,0.43,5.54687,5.60394,5.55484
T_i,0.45,5.3042,5.35803,5.31185
T_i,0.47,5.06174,5.11249,5.06953
T_i,0.49,4.82033,4.86814,4.82764
T_i,0.51,4.58078,4.62573,4.58818
T_i,0.53,4.34375,4.38591,4.3508
T_i,0.55,4.10985,4.14927,4.11686
T_i,0.57,3.87954,3.91629,3.88636
T_i,0.59,3.65327,3.68742,3.66003
T_i,0.61,3.43134,3.46301,3.43841
T_i,0.63,3.21409,3.24334,3.22089
T_i,0.65,3.00174,3.02867,3.00812
T_i,0.67,2.79447,2.81918,2.80079
T_i,0.69,2.59244,2.61503,2.59842
T_i,0.71,2.39582,2.41639,2.40157
T_i,0.73,2.20471,2.22337,2.21016
T_i,0.75,2.0192,2.03612,2.02434
T_i,0.77,1.83946,1.8548,1.84405
T_i,0.79,1.66552,1.67955,1.66978
T_i,0.81,1.49755,1.51051,1.50135
T_i,0.83,1.33579,1.34779,1.33929
T_i,0.85,1.18063,1.19141,1.18363
T_i,0.87,1.03242,1.04127,1.03499
T_i,0.89,0.890598,0.897191,0.892856
T_i,0.91,0.75328,0.758899,0.755122
T_i,0.93,0.621081,0.625455,0.622478
T_i,0.95,0.495584,0.498533,0.496608
T_i,0.97,0.374785,0.375889,0.375472
T_i,0.99,0.256725,0.257889,0.257027
q,0,1.32161,1.32494,1.30243
q,0.02,1.32161,1.3272,1.31245
q,0.04,1.32326,1.33113,1.3176
q,0.06,1.3224,1.32453,1.31911
q,0.08,1.30876,1.30587,1.30699
q,0.1,1.28874,1.28144,1.28803
q,0.12,1.26508,1.25432,1.26494
q,0.14,1.23853,1.22714,1.23869
q,0.16,1.21082,1.20182,1.21109
q,0.18,1.18372,1.179,1.184
q,0.2,1.16025,1.15908,1.16047
q,0.22,1.142,1.14267,1.1421
q,0.24,1.13004,1.13069,1.13002
q,0.26,1.12495,1.12443,1.12477
q,0.28,1.12675,1.12473,1.12641
q,0.3,1.13496,1.13208,1.13456
q,0.32,1.1497,1.14658,1.14921
q,0.34,1.17067,1.16771,1.17006
q,0.36,1.19696,1.19468,1.19625
q,0.38,1.22795,1.22644,1.22719
q,0.4,1.26337,1.262,1.26246
q,0.42,1.30224,1.3006,1.30127
q,0.44,1.34419,1.34168,1.34314
q,0.46,1.38866,1.38499,1.38753
q,0.48,1.43534,1.43044,1.43411
q,0.5,1.48411,1.47811,1.4828
q,0.52,1.53523,1.52814,1.53389
q,0.54,1.58881,1.58074,1.5874
q,0.56,1.64517,1.63623,1.64373
q,0.58,1.70475,1.695,1.70323
q,0.6,1.76789,1.75753,1.76635
q,0.62,1.83572,1.82437,1.83416
q,0.64,1.9086,1.89619,1.90698
q,0.66,1.98698,1.97372,1.9854
q,0.68,2.07212,2.05781,2.07055
q,0.7,2.16475,2.14944,2.1633
q,0.72,2.26579,2.2498,2.26434
q,0.74,2.37584,2.36028,2.3746
q,0.76,2.49719,2.48253,2.49606
q,0.78,2.63014,2.61826,2.62923
q,0.8,2.77736,2.76914,2.77669
q,0.82,2.94256,2.93637,2.94213
q,0.84,3.13127,3.11997,3.13115
q,0.86,3.34743,3.31928,3.34743
q,0.88,3.57559,3.53297,3.57588
q,0.9,3.77864,3.7599,3.77899
q,0.92,4.00735,4.00046,4.00767
q,0.94,4.2981,4.25501,4.29837
q,0.96,4.55756,4.52377,4.55784
q,0.98,4.78053,4.80738,4.78076
q,1,5.10073,5.10834,5.10077
