region,input,sampled_min,sampled_max,measured_p1,measured_p99,fraction_inside_measured_p1_p99
mastu,RMAJ_LOC,1.58,1.91,1.5979,1.8888,0.881
mastu,DRMAJDX_LOC,-0.33,-0.01,-0.3148,-0.0258,0.902
mastu,KAPPA_LOC,1.37,2.09,1.408,2.051,0.892
mastu,S_KAPPA_LOC,-0.05,0.44,-0.0244,0.4167,0.901
mastu,DELTA_LOC,2.717e-06,0.24,0.0527,0.2264,0.723
mastu,S_DELTA_LOC,1.929e-06,1.2,-0.337,1.1193,0.932
mastu,Q_LOC,0.7,5.27,0.7932,5.0531,0.944
mastu,SHAT,-0.22,4.82,0.0092,4.5906,0.909
iter,RMAJ_LOC,3.12,3.21,3.1274,3.2035,0.845
iter,DRMAJDX_LOC,-0.23,0.01,-0.2129,-0.009,0.848
iter,KAPPA_LOC,1.41,1.7,1.4253,1.6787,0.873
iter,S_KAPPA_LOC,-0.12,0.87,-0.068,0.8253,0.904
iter,DELTA_LOC,2.15e-06,0.29,0.0188,0.2688,0.864
iter,S_DELTA_LOC,3.644e-05,1.23,0.0138,1.1653,0.936
iter,Q_LOC,1.02,11.08,1.4831,10.6216,0.634
iter,SHAT,-1.1,3.52,-0.885,3.3053,0.907
